State,Resources,province,country
Alabama,https://www.rtor.org/directory/mental-health-resources-in-alabama/,AL,US
Alaska,https://www.rtor.org/directory/mental-health-resources-in-alaska/,AL,US
Arizona,https://www.rtor.org/directory/mental-health-arizona/,AL,US
Arkansas,https://www.rtor.org/directory/mental-health-arkansas/,AL,US
California,https://www.rtor.org/directory/mental-health-california/,AL,US
Colorado,https://www.rtor.org/directory/mental-health-colorado/,AL,US
Connecticut,https://www.rtor.org/directory/mental-health-connecticut/,AL,US
Delaware,https://www.rtor.org/directory/mental-health-delaware/,AL,US
District of Columbia,https://www.namidc.org/resources/local-resources/,AL,US
Florida,https://www.rtor.org/directory/mental-health-florida/,AL,US
Georgia,https://www.rtor.org/directory/mental-health-resources-in-georgia/,AL,US
Hawaii,https://www.rtor.org/directory/mental-health-hawaii/,AL,US
Idaho,https://www.rtor.org/directory/mental-health-resources-in-idaho/,AL,US
Illinois,https://www.rtor.org/directory/mental-health-illinois/,AL,US
Indiana,https://www.rtor.org/directory/mental-health-indiana/,AL,US
Iowa,https://www.rtor.org/directory/mental-health-resources-in-iowa/,AL,US
Kansas,https://www.rtor.org/directory/mental-health-kansas/,AL,US
Kentucky,https://www.rtor.org/directory/mental-health-kentucky/,AL,US
Louisiana,https://www.rtor.org/directory/mental-health-louisiana/,AL,US
Maine,https://www.rtor.org/directory/mental-health-maine/,AL,US
Maryland,https://www.rtor.org/directory/mental-health-maryland/,AL,US
Massachusetts,https://www.rtor.org/directory/mental-health-massachusetts/,AL,US
Michigan,https://www.rtor.org/directory/mental-health-michigan/,AL,US
Minnesota,https://www.rtor.org/directory/mental-health-minnesota/,AL,US
Mississippi,https://www.rtor.org/directory/mental-health-mississippi/,AL,US
Missouri,https://www.rtor.org/directory/mental-health-missouri/,AL,US
Montana,https://www.rtor.org/directory/mental-health-montana/,AL,US
Nebraska,https://www.rtor.org/directory/mental-health-nebraska/,AL,US
Nevada,https://www.rtor.org/directory/mental-health-resources-in-nevada/,AL,US
New Hampshire,https://www.rtor.org/directory/mental-health-new-hampshire/,AL,US
New Jersey,https://www.rtor.org/directory/mental-health-new-jersey/,AL,US
New Mexico,https://www.rtor.org/directory/mental-health-new-mexico/,AL,US
New York,https://www.rtor.org/directory/mental-health-new-york/ ,AL,US
North Carolina,https://www.rtor.org/directory/mental-health-north-carolina/,AL,US
North Dakota,https://www.rtor.org/directory/mental-health-north-dakota/,AL,US
Ohio,https://www.rtor.org/directory/mental-health-resources-in-ohio/,AL,US
Oklahoma,https://www.rtor.org/directory/mental-health-oklahoma/,AL,US
Oregon,https://www.rtor.org/directory/mental-health-oregon/,AL,US
Pennsylvania,https://www.rtor.org/directory/mental-health-pennsylvania/,AL,US
Rhode Island,https://www.rtor.org/directory/mental-health-rhode-island/,AL,US
South Carolina,https://www.rtor.org/directory/mental-health-south-carolina/,AL,US
South Dakota,https://www.rtor.org/directory/mental-health-south-dakota/,AL,US
Tennessee,https://www.rtor.org/directory/mental-health-tennessee/,AL,US
Texas,https://www.rtor.org/directory/mental-health-texas/,AL,US
Utah,https://www.rtor.org/directory/mental-health-resources-in-utah/,AL,US
Vermont,https://www.rtor.org/directory/mental-health-vermont/,AL,US
Virginia,https://www.rtor.org/directory/mental-health-virginia/,AL,US
Washington,https://www.rtor.org/directory/mental-health-washington/,AL,US
West Virginia,https://www.rtor.org/directory/mental-health-west-virginia/,AL,US
Wisconsin,https://www.rtor.org/directory/mental-health-wisconsin/,AL,US
Wyoming,https://www.rtor.org/directory/mental-health-wyoming/,AL,US